1,Sheri,Nowmer,1
2,Darren,Stanz,12
3,Mary,Hunt,2
4,Joan,Carol,7
5,Macario,Robinson,7
6,Rebecca,Lindsey,7
7,Monita,Heyer,2
8,Kim,Clifford,2
9,Lucille,Smith,2
10,Atallah,Todd,2
11,Betty,Driscoll,4
12,Clara,Morris,5
13,Joyce,Marez,5
14,Gregory,Amburgey,6
15,Verla,Walter,7
16,Jean,McGuin,7
17,David,Johnson,2
18,Hazel,Coy,4
19,Jonathan,Murraiin,2
20,Marcella,Isaacs,6
21,Bob,Dabit,4
22,Jeanette,Belsey,2
23,James,Compagno,4
24,Michael,Swartwood,5
25,Jewel,Creek,2
26,Christopher,Groome,5
27,Peggy,Medina,2
28,Bryan,Rutledge,2
29,Walter,Cavestany,2
30,Peggy,Planck,2
31,Dell,Gras,2
32,Christopher,Solano,2
33,George,Armstrong,2
34,Kristine,Aldred,2
35,Brenda,Marshall,2
36,Louis,Reynolds,4
37,Maureen,Ibsen,4
38,Daniel,Wolter,2
39,Vicky,Zingarelli,5
40,Helen,Valentine,5
41,Virgie,Koon,5
42,Dianne,Collins,2
43,Derrick,Whelply,1
44,Beverly,Cardoza,6
45,Larasa,Tate,7
46,Alfredo,Wood,7
47,Bunny,McCown,2
48,Nancy,Miller,4
49,Barbara,Wallin,2
50,Michael,Bruha,2
51,Michael,Suggs,2
52,Shauna,Wyro,2
53,Todd,Carpenter,4
54,Lisa,Watkins,4
55,Jacqueline,Wyllie,2
56,Max,Lyons,5
57,Lin,Conley,2
58,Lois,Barnes,5
59,John,Minker,5
60,Jose,Bernard,2
61,Mimi,Worsham,6
62,Charles,Macaluso,2
63,Lois,Wood,2
64,John,Styles,7
65,Jean,Boone,7
66,Ralph,Mccoy,2
67,Kevin,Armstrong,2
68,Cody,Goldey,2
69,Fred,Hopkins,4
70,Paula,Nickell,2
71,Ole,Weldon,5
72,Sylvia,Caldwell,5
73,Eric,Long,2
74,Victor,Kelley,5
75,Rebecca,Robinson,5
76,Andrea,Thomsen,5
77,Douglas,Baldwin,5
78,Mary,Solimena,2
79,Fred,Ortiz,6
80,Nathan,Muenich,2
81,Ed,Young,2
82,David,Shepard,7
83,Mary,Billstrom,7
84,Robert,Stotka,7
85,Danielle,Johnson,2
86,Donna,Arnold,10
87,Bonnie,Lepro,4
88,Shanay,Steelman,2
89,Jennifer,Cooper,9
90,June,Brunner,4
91,Judith,Frazier,4
92,Peggy,Petty,9
93,Cornett,Gibbens,5
94,Paul,Alcorn,5
95,Sam,Wheeler,6
96,Irene,Hernandez,7
97,Paul,Fulton,7
98,Doris,Carter,10
99,Ruth,Suffin,7
100,Kristine,Cleary,2
101,Jaunita,Homax,2
102,Margaret,Adams,2
103,Juanita,Sharp,11
104,Lili,Alameda,4
105,Sandra,Brunner,11
106,Aldeen,Gallagher,4
107,Hattie,Haemon,5
108,Jame,Krow,5
109,Michael,Worland,6
110,Rose,Sims,12
111,Lauretta,"De Carlo",12
112,Rhoda,Finley,7
113,Kathleen,Winter,7
114,Adam,Reynolds,2
115,Terri,Burke,12
116,Janet,Gilliat,4
117,Alice,Serventi,5
118,Concepcion,Lozada,12
119,Cecil,Allison,6
120,Paul,Tays,2
121,Maxwell,Amland,7
122,"Z . T.  Milton",Albury,7
123,Matthew,Hunter,2
124,Florence,Vonholt,2
125,Eddie,Holmes,2
126,Gerald,Drury,2
127,Kayla,Stotler,4
128,Janet,Gates,4
129,Neva,Mitchell,5
130,Lloyd,Saunders,5
131,Patricia,Vasquez,6
132,Roberta,Damstra,9
133,Valentina,Hendricks,7
134,Thomas,Ritacco,7
135,Dick,Brummer,2
136,Pat,Pinkston,4
137,Kristin,Spivey,5
138,Gregory,Whiting,2
139,Linda,Rousey,4
140,Denise,Maccietto,5
141,Kris,Bergin,6
142,Melissa,Marple,7
143,"Michael John",Troyer,2
144,Clayton,Harris,4
145,James,Thomas,4
146,Rebecca,Kanagaki,10
147,Lawrence,Hurkett,2
148,Nancy,Hirota,4
149,Stacey,Tearpak,5
150,Greg,Narberes,6
151,Donna,Carreras,2
152,David,Trolen,4
153,Jane,Carmichael,5
154,Julie,Walker,5
155,Mae,Anderson,6
156,Chris,Bidelman,7
157,Wayne,Banack,2
158,Joseph,Castellucio,4
159,Gayle,Winfrey,5
160,Kimberly,Malmendier,4
161,John,Ault,4
162,Curtis,Howard,5
163,Amir,Netz,5
164,Gary,Drury,5
165,Mary,Bakhtyari,5
166,Gregory,Vanderbout,6
167,Kim,Brunner,2
168,Shelly,Wilson,7
169,Aaron,Zimmerman,7
170,Albert,Behnke,7
171,Kristin,Cohen,6
172,James,Thompson,2
173,Donald,Reasoner,2
174,Melvin,Carreras,4
175,Concetta,Steinberg,4
176,Phyllis,Enlow,5
177,Gene,Lee,5
178,Joan,Bitler,6
179,Lillie,Rachak,7
180,Loy,Caro,7
181,Jason,Henderson,7
182,Leda,Witte,2
183,Harold,Bauer,4
184,Roberta,Sturgel,2
185,Deanne,Vanderslice,4
186,Brenda,Blumberg,2
187,Eddie,Gillmore,5
188,Lou,Scroggins,5
189,Hazel,Marsh,5
190,Sharon,Lindall,6
191,Wilfred,Ceballos,7
192,Georgia,Landrum,7
193,"J. Scott",Blauvelt,2
194,Curtis,Wardley,2
195,Matthew,Durocher,2
196,Hazel,Terbush,2
197,Kari,Sloper,4
198,Patricia,Weinzimmer,4
199,Pete,Fisher,5
200,Arlene,Schimanski,5
201,Margaret,Earley,7
202,"M. Patricia",Campbell,5
203,Mildred,Morrow,5
204,Elizabeth,Horne,7
205,John,Sweet,6
